Asset1,Asset2,Asset3
0.04287157265130057,0.013499650697242445,0.014080722157713384
0.013499650697242445,0.04423359731288846,0.014302644743031598
0.014080722157713384,0.014302644743031598,0.04812348333175424
