weight1,weight2,weight3
0.2619189631440622,0.47436984245988995,0.2637111943960479
