RF,Expected_Value_1,Expected_Value_2,Expected_Value_3
0.045,0.18009089737359307,0.18222002973358942,0.18812645241602594
