Underlying,Strike,IV,TTM,RF,DivRate
102.80552422109311,104.09381517694352,0.22,168,0.045,0.05362280617571992
